Customer Name,Purchase Date,Product Category,Sale,Quantity,Discount Applied,Purchase Year,Purchase Month,Purchase Day,Price
Allison Hill,2025-02-04,Electronics,372.07,1,True,2025,2,1,241.07
Megan Mcclain,2025-01-14,Books,369.55,3,True,2025,1,1,103.55
Allen Robinson,2025-03-20,Groceries,19.75,1,True,2025,3,3,16.75
Cristian Santos,2025-03-27,Books,303.0,9,True,2025,3,3,83.0
Kevin Pacheco,2025-01-02,Groceries,227.36,4,False,2025,1,3,78.36
Melissa Peterson,2025-01-25,Electronics,350.58,3,False,2025,1,5,45.58
Gabrielle Davis,2025-01-16,Clothing,111.58,3,False,2025,1,3,55.58
Lindsey Roman,2025-04-24,Electronics,193.06,2,False,2025,4,3,175.06
Valerie Gray,2025-03-28,Clothing,135.94,10,True,2025,3,4,121.94
Lisa Hensley,2025-04-01,Groceries,66.79,9,False,2025,4,1,20.79
Amber Perez,2025-02-15,Electronics,150.12,9,False,2025,2,5,17.12
David Garcia,2025-02-13,Books,27.68,2,True,2025,2,3,24.68
Holly Wood,2025-02-02,Clothing,428.38,2,True,2025,2,6,361.38
Timothy Wong,2025-04-06,Groceries,229.44,5,False,2025,4,6,71.44
Nicholas Martin,2025-03-01,Books,180.86,6,False,2025,3,5,47.86
Margaret Hawkins DDS,2025-05-12,Electronics,319.31,10,True,2025,5,0,269.31
Crystal Johnson,2025-02-19,Books,192.83,8,True,2025,2,2,146.83
Daniel Hahn,2025-05-17,Clothing,118.38,1,True,2025,5,5,15.38
Matthew Foster,2025-05-23,Clothing,137.53,7,True,2025,5,4,34.53
Derek Wright,2025-03-29,Clothing,329.44,4,False,2025,3,5,50.44
Kevin Hurst,2025-03-04,Groceries,136.12,3,True,2025,3,1,17.12
Zachary Hicks,2025-01-15,Clothing,217.07,10,False,2025,1,2,15.07
Brian Burton,2025-05-04,Clothing,498.68,4,True,2025,5,6,90.68
Arthur James,2025-06-05,Groceries,379.11,2,True,2025,6,3,226.11
Tricia Valencia,2025-01-02,Books,397.08,3,False,2025,1,3,149.08
Melanie Herrera,2025-02-11,Electronics,193.9,7,False,2025,2,1,51.9
Ashley Graham,2025-03-12,Clothing,431.09,9,True,2025,3,2,381.09
Sherri Baker,2025-03-20,Electronics,376.68,9,False,2025,3,3,99.68
Thomas Harrell,2025-02-16,Electronics,220.21,5,False,2025,2,6,54.21
Lisa Hernandez,2025-04-30,Electronics,486.08,5,True,2025,4,2,431.08
Paula Moreno,2025-01-01,Electronics,421.63,5,True,2025,1,2,286.63
Alec Hickman,2025-05-18,Books,382.44,6,True,2025,5,6,131.44
Elizabeth Brown,2025-05-18,Clothing,14.64,8,False,2025,5,6,13.64
Angelica Tucker,2025-01-11,Clothing,33.67,4,True,2025,1,5,30.67
Pamela Anderson,2025-03-16,Electronics,408.93,8,True,2025,3,6,85.93
Deborah Brennan,2025-03-08,Books,473.69,8,True,2025,3,5,436.69
Joshua Blair,2025-02-01,Clothing,436.85,9,False,2025,2,5,251.85
Zachary Santos,2025-03-10,Books,378.86,9,True,2025,3,0,95.86
Barbara Walker,2025-02-22,Clothing,497.6,7,False,2025,2,5,89.6
Crystal Robinson,2025-01-12,Groceries,228.49,9,True,2025,1,6,216.49
Crystal Whitehead,2025-05-15,Books,172.35,2,True,2025,5,3,42.35
David Caldwell,2025-02-03,Books,40.14,1,True,2025,2,0,36.14
Timothy Duncan,2025-03-15,Books,453.18,2,False,2025,3,5,181.18
Rhonda Lee,2025-01-16,Electronics,122.81,9,False,2025,1,3,52.81
Jeff Owens,2025-04-24,Books,70.49,9,False,2025,4,3,24.49
Victoria Garcia,2025-03-04,Books,404.71,8,True,2025,3,1,19.71
Scott Wright,2025-01-30,Electronics,331.2,2,False,2025,1,3,152.2
Javier Ramirez,2025-02-09,Groceries,236.18,7,True,2025,2,6,119.18
Jessica Callahan,2025-03-27,Electronics,204.3,1,False,2025,3,3,104.3
Zachary Huff,2025-06-01,Electronics,99.84,4,False,2025,6,6,52.84
Sarah Martin,2025-03-17,Books,95.83,7,False,2025,3,0,48.83
James Brown,2025-03-01,Books,224.35,2,True,2025,3,5,172.35
Mrs. Rachel Gibson,2025-03-08,Electronics,418.83,9,True,2025,3,5,390.83
Whitney Peters,2025-04-23,Books,206.17,3,False,2025,4,2,19.17
Edward Novak,2025-04-01,Books,451.71,7,True,2025,4,1,136.71
Nicole Brown,2025-04-02,Groceries,492.73,1,False,2025,4,2,99.73
Sarah Moore,2025-05-31,Groceries,214.39,5,False,2025,5,5,127.39
Cody Larson,2025-04-16,Books,151.87,4,True,2025,4,2,75.87
Bryan Zamora,2025-02-08,Electronics,33.3,6,False,2025,2,5,32.3
Lisa Barnes,2025-04-02,Books,480.59,1,True,2025,4,2,148.59
Taylor Harris,2025-04-22,Books,299.54,2,True,2025,4,1,47.54
James Powers,2025-02-16,Groceries,471.09,2,True,2025,2,6,165.09
Paul Jones,2025-03-13,Electronics,45.58,10,False,2025,3,3,43.58
Dr. Angel Lewis MD,2025-05-26,Clothing,336.51,4,False,2025,5,0,33.51
Sherry Wood,2025-01-25,Books,200.91,5,False,2025,1,5,177.91
Michele Carr,2025-06-04,Groceries,464.86,6,True,2025,6,2,118.86
Aimee Montoya,2025-02-16,Electronics,312.47,8,True,2025,2,6,153.47
Teresa Taylor,2025-01-19,Electronics,110.51,9,False,2025,1,6,21.51
Juan Nelson,2025-04-05,Books,441.03,6,True,2025,4,5,418.03
Christina Walters,2025-02-11,Clothing,83.08,5,False,2025,2,1,37.08
Taylor Mathis Jr.,2025-03-08,Electronics,153.19,9,True,2025,3,5,19.19
Aaron Wise,2025-04-10,Books,62.14,5,True,2025,4,3,47.14
Patrick Arnold,2025-03-08,Books,144.47,5,True,2025,3,5,118.47
Benjamin Ware,2025-05-22,Clothing,345.31,4,False,2025,5,3,77.31
Sandra Aguilar,2025-01-24,Groceries,453.14,5,True,2025,1,4,404.14
Eric Nolan,2025-05-05,Electronics,415.53,7,True,2025,5,0,263.53
Stephanie Clark,2025-02-08,Electronics,386.7,6,False,2025,2,5,247.7
Richard Henson,2025-03-05,Books,278.08,8,False,2025,3,2,201.08
Brittany Spears,2025-05-16,Electronics,42.25,2,True,2025,5,4,39.25
Rita Keith,2025-01-04,Electronics,293.34,6,True,2025,1,5,143.34
Evelyn Galvan,2025-05-06,Groceries,25.71,3,False,2025,5,1,22.71
Rita Adams,2025-05-03,Electronics,108.99,6,True,2025,5,5,97.99
Shane Garrison,2025-02-04,Electronics,391.16,6,False,2025,2,1,324.16
Julia Torres,2025-05-05,Books,432.98,4,True,2025,5,0,113.98
Alexander Lee,2025-02-21,Groceries,93.78,1,False,2025,2,4,61.78
Tracy Ramirez,2025-04-11,Groceries,137.07,4,True,2025,4,4,11.07
William Herrera,2025-05-27,Groceries,430.0,1,True,2025,5,1,118.0
Wesley White,2025-05-31,Books,178.08,8,True,2025,5,5,130.08
Brian Hamilton,2025-04-24,Books,331.72,1,False,2025,4,3,93.72
Larry Dixon,2025-03-02,Clothing,432.85,5,False,2025,3,6,233.85
Dawn Fletcher,2025-01-01,Clothing,202.84,9,False,2025,1,2,148.84
Kimberly Ball,2025-04-26,Electronics,439.13,2,False,2025,4,5,296.13
Helen Jones,2025-04-14,Books,481.45,10,False,2025,4,0,71.45
Erik Charles,2025-04-23,Electronics,300.3,2,False,2025,4,2,170.3
Eric Ortiz,2025-03-04,Clothing,305.07,7,True,2025,3,1,47.07
Cameron Fisher,2025-05-27,Groceries,99.09,10,True,2025,5,1,66.09
Stephanie Gilbert,2025-02-16,Groceries,262.36,1,True,2025,2,6,48.36
April Mitchell,2025-03-09,Clothing,39.64,7,False,2025,3,6,38.64
Mary Marshall,2025-03-11,Clothing,361.28,2,False,2025,3,1,176.28
John Santana,2025-05-05,Clothing,166.46,7,False,2025,5,0,135.46
Bradley Robertson,2025-04-09,Books,213.12,4,False,2025,4,2,166.12
Robert Potter,2025-04-16,Books,286.71,10,False,2025,4,2,198.71
Curtis Johnson,2025-02-08,Electronics,147.02,5,False,2025,2,5,11.02
Samuel Jones,2025-03-06,Clothing,223.68,8,True,2025,3,3,21.68
Cheyenne Horton,2025-03-19,Groceries,331.13,3,False,2025,3,2,110.13
Matthew Smith,2025-04-28,Clothing,410.12,2,True,2025,4,0,204.12
Ashley Coleman,2025-01-28,Clothing,404.25,4,True,2025,1,1,273.25
Kelly Williams,2025-02-08,Electronics,126.2,1,False,2025,2,5,32.2
Joyce Solis,2025-04-15,Electronics,210.15,8,True,2025,4,1,88.15
Linda Dodson DVM,2025-04-06,Groceries,202.83,8,True,2025,4,6,29.83
Kathy Rivas,2025-03-27,Electronics,390.32,2,True,2025,3,3,295.32
Natasha Wells,2025-02-10,Books,234.95,9,True,2025,2,0,171.95
Mark Cannon,2025-03-23,Electronics,71.0,8,False,2025,3,6,25.0
Denise Jones,2025-02-14,Clothing,308.26,8,False,2025,2,4,122.26
Francisco Fernandez,2025-01-22,Groceries,373.11,3,False,2025,1,2,336.11
Michael Mccarthy,2025-01-11,Groceries,377.13,5,False,2025,1,5,39.13
Joshua Perry,2025-02-02,Groceries,140.93,4,True,2025,2,6,97.93
Taylor Silva,2025-04-19,Clothing,139.5,4,False,2025,4,5,33.5
Pamela James,2025-01-01,Electronics,79.66,3,False,2025,1,2,17.66
Paul Castaneda,2025-05-29,Books,36.79,4,False,2025,5,3,35.79
Paul Payne,2025-04-05,Clothing,235.63,9,True,2025,4,5,212.63
Daniel Graham,2025-01-05,Books,197.79,7,True,2025,1,6,145.79
Michael Powell,2025-01-26,Groceries,7.92,8,False,2025,1,6,3.92
Cameron Dean,2025-01-05,Clothing,427.46,7,False,2025,1,6,213.46
Justin Johnson,2025-04-11,Books,113.61,8,False,2025,4,4,43.61
Joel Williams,2025-03-01,Groceries,197.48,1,False,2025,3,5,110.48
Gabriel Juarez,2025-03-01,Books,460.17,8,True,2025,3,5,207.17
Sandra King,2025-01-13,Groceries,284.37,10,True,2025,1,0,155.37
Joshua Cooke,2025-02-24,Electronics,72.17,7,False,2025,2,0,38.17
Rachael Pearson,2025-04-28,Books,133.78,1,False,2025,4,0,36.78
Christina Smith,2025-01-24,Books,166.79,8,False,2025,1,4,57.79
Michael Elliott,2025-02-04,Clothing,129.87,7,True,2025,2,1,59.87
Pamela Jackson,2025-04-05,Groceries,375.77,1,True,2025,4,5,231.77
Ashley Weiss,2025-05-31,Clothing,326.82,4,True,2025,5,5,242.82
Alexander Collins,2025-04-16,Electronics,103.68,4,True,2025,4,2,26.68
Jennifer Espinoza,2025-01-12,Books,67.48,4,True,2025,1,6,30.48
Lori Garcia,2025-05-01,Books,351.24,8,False,2025,5,3,335.24
Lindsay Martinez,2025-06-03,Books,305.59,10,True,2025,6,1,148.59
Hannah Patterson,2025-02-27,Books,58.51,5,True,2025,2,3,20.51
Gloria Atkinson,2025-05-09,Clothing,340.29,10,False,2025,5,4,135.29
Tyler Reid,2025-05-10,Groceries,42.62,4,True,2025,5,5,39.62
Jessica Gross,2025-05-31,Electronics,425.9,5,True,2025,5,5,144.9
Robert Medina,2025-03-17,Electronics,268.71,6,False,2025,3,0,84.71
Nicholas Adams,2025-05-13,Electronics,325.53,9,True,2025,5,1,294.53
Angelica Keith,2025-02-08,Groceries,57.24,8,False,2025,2,5,41.24
Leonard Gray,2025-01-05,Groceries,220.57,3,False,2025,1,6,74.57
Catherine Lewis,2025-05-05,Groceries,220.61,8,False,2025,5,0,47.61
Spencer Haynes,2025-02-13,Clothing,416.21,4,True,2025,2,3,225.21
Travis Miller,2025-04-23,Clothing,125.71,8,False,2025,4,2,60.71
Peter Vaughn DDS,2025-03-18,Groceries,19.21,6,False,2025,3,1,16.21
Anna Walker,2025-04-19,Books,110.0,8,False,2025,4,5,58.0
Kevin Kennedy,2025-03-24,Clothing,440.76,5,False,2025,3,0,292.76
Patrick Rivera,2025-04-20,Electronics,474.29,9,True,2025,4,6,328.29
David Martinez,2025-01-31,Books,246.85,7,True,2025,1,4,31.85
Joshua Gill,2025-01-29,Groceries,226.85,8,True,2025,1,2,191.85
John Hardy,2025-06-02,Electronics,114.69,5,True,2025,6,0,72.69
Diane Garcia,2025-01-31,Clothing,187.67,10,False,2025,1,4,10.67
Christopher Smith,2025-03-25,Groceries,168.74,9,False,2025,3,1,9.74
William Tran,2025-04-19,Clothing,129.44,5,True,2025,4,5,69.44
Sean Henry,2025-05-17,Books,64.18,6,True,2025,5,5,25.18
Julie Alexander,2025-01-29,Books,370.61,4,False,2025,1,2,15.61
Todd Woods,2025-05-09,Clothing,417.15,2,False,2025,5,4,24.15
Benjamin Soto,2025-01-09,Books,93.82,6,True,2025,1,3,53.82
Justin Torres,2025-06-05,Books,27.53,5,True,2025,6,3,25.53
Phillip Obrien,2025-05-04,Clothing,320.75,3,False,2025,5,6,44.75
Joseph Hayes,2025-03-11,Electronics,289.16,1,False,2025,3,1,107.16
Wanda Torres,2025-04-07,Groceries,173.65,8,True,2025,4,0,117.65
Natalie Meza,2025-02-02,Clothing,61.47,8,True,2025,2,6,31.47
Matthew Moore,2025-01-28,Groceries,41.67,8,True,2025,1,1,40.67
Aaron Hayes,2025-04-03,Books,406.52,3,False,2025,4,3,52.52
David Mann,2025-04-20,Electronics,63.63,4,False,2025,4,6,53.63
Michael Bradshaw,2025-05-04,Books,193.29,9,False,2025,5,6,166.29
Mary Peck,2025-03-08,Clothing,495.07,10,False,2025,3,5,479.07
Maria Kerr,2025-05-10,Electronics,480.25,10,True,2025,5,5,260.25
Christopher Parker,2025-04-27,Books,136.0,4,True,2025,4,6,114.0
Donna Martinez,2025-04-18,Books,91.04,4,True,2025,4,4,14.04
Terri Mason,2025-03-19,Books,207.22,1,False,2025,3,2,171.22
Andrew Reynolds,2025-02-20,Clothing,119.58,1,False,2025,2,3,22.58
Brandon Hayden,2025-05-11,Groceries,345.26,2,False,2025,5,6,107.26
Tiffany Key,2025-04-15,Books,61.81,7,True,2025,4,1,29.81
Andrew Avila,2025-03-15,Books,414.18,5,True,2025,3,5,292.18
Sydney White,2025-04-02,Electronics,397.35,3,False,2025,4,2,16.35
Katherine Davis,2025-02-24,Groceries,237.01,2,False,2025,2,0,155.01
Michael Hodge,2025-02-21,Groceries,252.73,5,False,2025,2,4,178.73
Donna Landry,2025-05-08,Groceries,301.03,2,False,2025,5,3,193.03
Jordan Edwards,2025-02-20,Clothing,128.93,10,True,2025,2,3,114.93
Jennifer Robertson,2025-06-04,Books,295.63,10,True,2025,6,2,273.63
Kimberly Gutierrez,2025-01-30,Clothing,24.91,10,True,2025,1,3,23.91
Peter Garrett,2025-04-29,Groceries,327.5,9,False,2025,4,1,288.5
Joshua Pennington,2025-03-10,Books,220.76,10,False,2025,3,0,58.76
Barbara Dudley,2025-04-06,Electronics,177.24,8,False,2025,4,6,112.24
Christopher Pierce,2025-03-28,Clothing,429.58,2,False,2025,3,4,113.58
Willie Durham,2025-03-14,Groceries,147.67,8,False,2025,3,4,106.67
Ronnie Jimenez,2025-04-22,Electronics,48.59,8,False,2025,4,1,47.59
Denise Davenport,2025-06-03,Clothing,485.24,2,False,2025,6,1,431.24
Juan Reyes,2025-05-24,Electronics,233.68,9,True,2025,5,5,69.68
Sherry Shields,2025-02-13,Books,184.08,9,False,2025,2,3,141.08
Jennifer Villa,2025-03-21,Groceries,105.76,1,True,2025,3,4,47.76
Diane Evans,2025-04-02,Clothing,441.02,8,False,2025,4,2,95.02
Mrs. Brittany Ryan MD,2025-03-28,Electronics,486.71,1,True,2025,3,4,85.71
Jordan Morris,2025-01-30,Books,277.67,5,False,2025,1,3,173.67
Laura Hall,2025-05-02,Electronics,496.17,4,True,2025,5,4,28.17
Patrick Thornton,2025-05-07,Groceries,325.62,2,True,2025,5,2,259.62
Matthew Hoover,2025-06-03,Groceries,256.89,5,False,2025,6,1,68.89
Andrew Shaw MD,2025-05-16,Groceries,490.22,8,True,2025,5,4,386.22
Jessica Fox,2025-03-13,Groceries,76.6,9,True,2025,3,3,50.6
Jennifer Pena,2025-01-25,Books,141.74,2,False,2025,1,5,94.74
Wayne Morgan,2025-04-19,Clothing,137.25,9,True,2025,4,5,68.25
Sarah Phelps,2025-05-15,Clothing,419.55,5,False,2025,5,3,71.55
Eugene Higgins,2025-04-29,Books,271.6,8,False,2025,4,1,22.6
Amanda Jones,2025-04-09,Clothing,382.62,9,False,2025,4,2,334.62
Yolanda Francis,2025-03-09,Groceries,435.45,6,True,2025,3,6,98.45
Mark Brennan,2025-03-11,Groceries,428.73,4,False,2025,3,1,186.73
Stephanie Williams,2025-05-05,Electronics,373.63,6,False,2025,5,0,222.63
James Thomas,2025-03-24,Groceries,250.19,3,True,2025,3,0,44.19
Rebecca Jackson,2025-01-13,Books,482.85,9,False,2025,1,0,254.85
Lisa Allen,2025-05-23,Electronics,54.36,8,False,2025,5,4,24.36
Joel King,2025-02-09,Electronics,207.94,3,True,2025,2,6,132.94
Robert Santana,2025-04-16,Electronics,391.86,8,False,2025,4,2,299.86
Jeremy Reed,2025-04-02,Clothing,347.89,10,True,2025,4,2,300.89
Jessica Wright,2025-05-12,Clothing,193.1,9,False,2025,5,0,113.1
James Webb,2025-02-07,Groceries,22.77,9,True,2025,2,4,21.77
Laura Haney,2025-02-16,Books,498.73,5,True,2025,2,6,293.73
Mary Hill,2025-03-30,Groceries,381.38,2,True,2025,3,6,173.38
Natasha Williams,2025-04-05,Groceries,348.53,3,True,2025,4,5,168.53
Tanner Mitchell DDS,2025-04-05,Electronics,399.09,6,False,2025,4,5,359.09
Mark Oliver,2025-04-16,Clothing,218.19,6,True,2025,4,2,142.19
Mary Massey,2025-04-09,Groceries,342.49,10,True,2025,4,2,197.49
Maria Parker,2025-03-10,Books,44.09,3,False,2025,3,0,42.09
Morgan Davis,2025-02-16,Books,456.85,8,True,2025,2,6,221.85
Casey Anderson,2025-03-26,Books,320.76,8,False,2025,3,2,275.76
Kiara Mcintyre,2025-05-10,Clothing,449.96,1,False,2025,5,5,188.96
Roger Olson,2025-05-06,Clothing,83.2,9,False,2025,5,1,48.2
Gina Wilson,2025-05-31,Clothing,153.08,10,False,2025,5,5,43.08
Vincent Dalton,2025-04-24,Clothing,423.43,8,True,2025,4,3,322.43
Tracy Ballard,2025-02-27,Groceries,57.79,8,False,2025,2,3,16.79
Alexis Herrera,2025-03-13,Clothing,151.46,10,False,2025,3,3,114.46
Megan Richards,2025-05-09,Electronics,140.87,7,True,2025,5,4,112.87
Ashley Hall,2025-01-04,Groceries,388.99,5,True,2025,1,5,102.99
Kristina Herman,2025-02-04,Clothing,320.13,4,False,2025,2,1,90.13
Rodney Blankenship,2025-02-17,Books,452.18,2,True,2025,2,0,331.18
Charles Shah,2025-02-17,Clothing,21.52,8,False,2025,2,0,20.52
Brent Clay Jr.,2025-03-12,Books,455.27,2,False,2025,3,2,219.27
Natalie Bautista,2025-03-07,Groceries,104.39,3,False,2025,3,4,61.39
Brittany Perry,2025-01-16,Clothing,132.2,3,False,2025,1,3,109.2
Jason Lynn Jr.,2025-02-27,Clothing,403.1,6,False,2025,2,3,376.1
Trevor Foley,2025-01-16,Electronics,378.3,3,True,2025,1,3,331.3
Kimberly Levine,2025-02-26,Groceries,186.06,9,False,2025,2,2,158.06
Colton Martinez,2025-05-13,Electronics,270.6,5,False,2025,5,1,114.6
Matthew May,2025-04-04,Clothing,294.36,5,False,2025,4,4,156.36
Richard Sanchez,2025-01-20,Electronics,238.38,4,False,2025,1,0,30.38
Andrea Hubbard,2025-02-02,Books,319.52,2,False,2025,2,6,81.52
Sergio Murphy,2025-01-24,Clothing,62.75,7,True,2025,1,4,51.75
April Garrison,2025-01-23,Electronics,497.98,5,True,2025,1,3,28.98
David Thompson,2025-04-14,Electronics,444.19,4,True,2025,4,0,180.19
Adrian Tyler,2025-02-07,Groceries,188.65,8,False,2025,2,4,140.65
Christopher Williams,2025-04-26,Books,329.19,7,False,2025,4,5,319.19
Nichole Alvarez,2025-05-02,Groceries,21.19,5,False,2025,5,4,20.19
Ashley Gordon,2025-05-28,Books,225.12,8,True,2025,5,2,45.12
Richard Camacho,2025-03-23,Clothing,490.56,2,False,2025,3,6,281.56
Victor Brown,2025-03-16,Clothing,202.08,1,True,2025,3,6,124.08
Michael Henry,2025-05-23,Electronics,50.38,8,True,2025,5,4,36.38
Bobby Franklin,2025-01-11,Electronics,394.46,1,True,2025,1,5,26.46
Mark Kelley,2025-02-20,Books,106.58,10,True,2025,2,3,54.58
Kerry Chavez DDS,2025-01-16,Books,167.64,4,True,2025,1,3,57.64
Sarah Curtis,2025-05-01,Electronics,429.91,5,True,2025,5,3,125.91
Cindy Hayes,2025-02-05,Books,129.07,9,True,2025,2,2,119.07
Jesse Perry,2025-01-15,Electronics,70.24,1,False,2025,1,2,28.24
Maurice Brooks,2025-01-24,Books,165.27,10,True,2025,1,4,30.27
Andrea Decker,2025-01-15,Clothing,67.75,1,False,2025,1,2,27.75
Parker Cain,2025-03-28,Electronics,240.74,2,False,2025,3,4,119.74
Kristina Rivera,2025-01-20,Electronics,254.4,8,True,2025,1,0,141.4
Maurice Christensen,2025-05-16,Clothing,323.45,8,True,2025,5,4,278.45
Tracy Burke,2025-02-24,Electronics,424.41,8,False,2025,2,0,138.41
Christy Douglas,2025-02-05,Electronics,357.64,8,False,2025,2,2,232.64
Ryan Richardson,2025-04-30,Electronics,164.45,2,True,2025,4,2,154.45
Renee Bruce,2025-06-02,Electronics,141.13,3,False,2025,6,0,82.13
Lisa Day,2025-01-05,Groceries,267.63,10,False,2025,1,6,13.63
Sandra Adams,2025-01-29,Groceries,397.58,2,True,2025,1,2,35.58
Ellen Morgan,2025-01-01,Books,228.52,7,True,2025,1,2,9.52
Kylie Morales,2025-01-23,Groceries,414.57,6,False,2025,1,3,158.57
Amanda Reese,2025-02-03,Groceries,159.71,2,False,2025,2,0,118.71
Glen Wood,2025-04-23,Clothing,477.03,6,False,2025,4,2,177.03
Latoya Miller,2025-01-09,Electronics,416.73,2,True,2025,1,3,132.73
Luke Craig,2025-02-12,Groceries,373.57,2,False,2025,2,2,180.57
Karla Ramos,2025-02-12,Books,34.69,9,False,2025,2,2,31.69
Ashley Jordan,2025-02-14,Electronics,180.03,7,False,2025,2,4,93.03
Katelyn Estrada,2025-01-08,Electronics,302.2,5,False,2025,1,2,87.2
Kyle Smith,2025-02-17,Electronics,256.17,10,True,2025,2,0,232.17
Chad Scott,2025-02-21,Groceries,424.4,4,False,2025,2,4,91.4
Paul Thompson,2025-03-01,Clothing,382.49,2,True,2025,3,5,41.49
Kathryn Whitaker,2025-05-06,Groceries,487.4,9,True,2025,5,1,431.4
Scott Williams,2025-01-03,Clothing,94.31,1,False,2025,1,4,38.31
Shannon Johnston,2025-03-31,Clothing,8.02,6,True,2025,3,0,5.02
Jennifer Wilson,2025-01-04,Groceries,75.23,2,True,2025,1,5,60.23
Robert Montgomery,2025-05-10,Electronics,111.49,9,False,2025,5,5,43.49
Anita Richard,2025-02-07,Groceries,82.92,6,False,2025,2,4,35.92
Kelly Foster,2025-02-18,Clothing,300.13,10,True,2025,2,1,187.13
Gary Jackson,2025-03-21,Books,378.45,3,True,2025,3,4,278.45
Jordan Bullock,2025-02-24,Electronics,224.34,5,False,2025,2,0,73.34
Sabrina Briggs,2025-02-06,Groceries,223.81,10,False,2025,2,3,203.81
Craig Morrison,2025-04-29,Books,61.34,9,False,2025,4,1,27.34
Cassandra Mejia,2025-03-19,Electronics,340.72,5,False,2025,3,2,233.72
Olivia Cole,2025-05-25,Clothing,114.16,1,True,2025,5,6,66.16
Madison Weber,2025-05-15,Electronics,154.2,4,True,2025,5,3,45.2
Brittany Jones,2025-03-11,Books,148.28,5,True,2025,3,1,111.28
Donald Brown,2025-03-21,Electronics,374.77,8,True,2025,3,4,42.77
Jesse Brown,2025-05-10,Books,268.63,7,True,2025,5,5,82.63
Sean Wyatt,2025-04-07,Clothing,201.55,2,True,2025,4,0,100.55
Julie Spencer,2025-05-04,Groceries,232.58,1,True,2025,5,6,98.58
Joanna Pacheco,2025-04-12,Clothing,217.5,10,False,2025,4,5,186.5
John Hernandez,2025-01-10,Groceries,62.01,5,True,2025,1,4,12.01
Steven Cooper,2025-04-22,Clothing,401.65,3,False,2025,4,1,167.65
Carrie Wright,2025-03-10,Clothing,221.17,2,True,2025,3,0,23.17
Joseph Moore,2025-02-28,Books,296.49,7,True,2025,2,4,189.49
Jason Morgan,2025-04-04,Groceries,374.17,5,True,2025,4,4,293.17
Maria Jones,2025-01-15,Clothing,42.81,3,True,2025,1,2,41.81
Diane Cummings,2025-04-13,Books,178.79,6,True,2025,4,6,119.79
Shelley Cook,2025-04-01,Books,77.49,2,True,2025,4,1,66.49
Gregory Ponce,2025-04-20,Books,80.67,10,True,2025,4,6,24.67
Kurt Hurley,2025-02-18,Books,234.66,8,False,2025,2,1,73.66
Rickey Li,2025-04-15,Clothing,79.72,6,True,2025,4,1,54.72
Nancy Jennings,2025-03-24,Groceries,317.54,8,False,2025,3,0,57.54
Jessica Cox,2025-02-26,Electronics,256.13,6,False,2025,2,2,147.13
Daniel Meza,2025-03-17,Groceries,23.62,8,False,2025,3,0,22.62
Chad Jones,2025-05-12,Clothing,324.11,2,True,2025,5,0,38.11
Randy Conley,2025-05-18,Groceries,292.26,8,True,2025,5,6,125.26
George Miranda,2025-01-21,Groceries,327.66,10,False,2025,1,1,62.66
Christopher Guerra,2025-05-01,Groceries,79.68,9,True,2025,5,3,35.68
Carol Kim,2025-03-06,Groceries,406.43,2,False,2025,3,3,166.43
Cynthia Wallace,2025-02-14,Electronics,324.83,9,True,2025,2,4,306.83
Joann Ferguson,2025-02-18,Books,495.54,8,True,2025,2,1,467.54
Julie Conley,2025-02-27,Clothing,459.38,6,False,2025,2,3,276.38
Victoria Murray,2025-02-13,Groceries,341.05,6,True,2025,2,3,303.05
Joseph Burch,2025-05-08,Clothing,168.2,2,False,2025,5,3,72.2
Brenda Wright,2025-04-11,Clothing,363.25,5,True,2025,4,4,332.25
Kristen Garcia,2025-05-13,Clothing,293.46,2,True,2025,5,1,76.46
Dominique Hines,2025-02-12,Clothing,484.01,5,False,2025,2,2,414.01
Brittany Kim,2025-05-28,Books,355.87,10,True,2025,5,2,237.87
Jerry Bailey,2025-01-05,Clothing,191.46,9,False,2025,1,6,14.46
Jonathan Young,2025-06-05,Books,51.26,9,False,2025,6,3,12.26
Alfred Galvan,2025-05-12,Clothing,184.49,1,True,2025,5,0,37.49
Raven Taylor,2025-02-14,Books,474.1,6,False,2025,2,4,388.1
Melissa Taylor,2025-04-21,Books,499.99,4,True,2025,4,0,110.99
Aaron Miller,2025-02-09,Electronics,422.99,5,True,2025,2,6,116.99
Kimberly Acosta,2025-03-24,Electronics,438.81,6,True,2025,3,0,309.81
Dwayne Turner,2025-01-08,Groceries,85.31,3,True,2025,1,2,66.31
Riley Bryant,2025-01-18,Groceries,208.38,1,True,2025,1,5,189.38
Linda Smith,2025-03-22,Groceries,146.04,10,False,2025,3,5,42.04
Charles Patterson,2025-04-06,Books,123.39,9,False,2025,4,6,95.39
Jason Beck,2025-01-14,Books,340.76,6,False,2025,1,1,80.76
Andrea Fox,2025-03-21,Groceries,390.17,5,False,2025,3,4,46.17
Kristen Myers DDS,2025-04-10,Books,401.62,4,True,2025,4,3,382.62
Mrs. Alexis Kramer,2025-02-23,Clothing,322.38,1,False,2025,2,6,71.38
Lori Ingram,2025-04-25,Electronics,426.33,9,False,2025,4,4,100.33
Andrew Payne,2025-05-08,Electronics,140.03,3,True,2025,5,3,125.03
Richard Marshall,2025-04-19,Groceries,473.47,2,True,2025,4,5,339.47
Robin Brown,2025-05-02,Groceries,465.58,6,False,2025,5,4,96.58
Edward Williams,2025-02-01,Electronics,253.49,7,True,2025,2,5,77.49
Timothy Robertson,2025-06-04,Groceries,190.58,2,True,2025,6,2,147.58
Dawn Mullins,2025-01-30,Clothing,420.39,2,False,2025,1,3,403.39
Richard Glenn,2025-02-21,Books,23.96,3,False,2025,2,4,21.96
Jacob Preston,2025-04-27,Books,227.06,8,True,2025,4,6,56.06
Jasmine Beltran,2025-03-19,Electronics,131.68,1,True,2025,3,2,115.68
Tim Stone PhD,2025-04-24,Groceries,389.21,2,True,2025,4,3,222.21
Lance Short,2025-03-27,Clothing,28.64,2,False,2025,3,3,27.64
Bobby Guerrero,2025-02-17,Groceries,59.87,2,False,2025,2,0,20.87
Jessica Norris,2025-02-24,Electronics,289.65,9,True,2025,2,0,192.65
Sergio Gomez,2025-06-05,Clothing,5.77,7,False,2025,6,3,4.77
William Gould,2025-01-12,Books,211.2,10,True,2025,1,6,174.2
Heidi Owen,2025-04-17,Clothing,476.93,2,True,2025,4,3,408.93
Brenda Lawson,2025-05-02,Groceries,26.55,8,False,2025,5,4,22.55
Austin Osborne,2025-02-27,Clothing,374.92,5,False,2025,2,3,60.92
Keith Jacobs,2025-04-17,Electronics,124.36,6,True,2025,4,3,12.36
Jacqueline Hines,2025-03-31,Clothing,26.95,3,False,2025,3,0,24.95
Jennifer Banks,2025-02-08,Books,490.51,8,False,2025,2,5,448.51
Noah Porter,2025-03-02,Books,36.23,3,False,2025,3,6,34.23
Deborah Green,2025-03-11,Electronics,104.79,5,True,2025,3,1,40.79
Donna Hendricks DDS,2025-01-20,Electronics,467.02,6,False,2025,1,0,285.02
Jodi Roach,2025-03-11,Groceries,23.13,5,True,2025,3,1,19.13
Michael Bruce,2025-02-19,Clothing,431.76,6,True,2025,2,2,255.76
Austin Daniels,2025-05-20,Clothing,66.62,5,False,2025,5,1,49.62
Michelle Ho,2025-04-10,Groceries,372.94,7,False,2025,4,3,12.94
Katie Martinez,2025-02-01,Clothing,250.62,3,False,2025,2,5,93.62
Richard Johnson,2025-03-28,Clothing,137.03,9,True,2025,3,4,58.03
Robert Arnold,2025-04-06,Groceries,218.15,2,True,2025,4,6,173.15
Eric Key,2025-04-23,Clothing,55.79,6,False,2025,4,2,25.79
Patricia Morrow,2025-01-12,Clothing,225.73,5,False,2025,1,6,12.73
Maria Cole,2025-04-17,Books,179.02,8,True,2025,4,3,115.02
Shawn Deleon,2025-04-10,Clothing,499.08,10,False,2025,4,3,98.08
Vincent Reynolds,2025-05-23,Electronics,337.24,2,False,2025,5,4,304.24
Caleb Hernandez,2025-01-26,Clothing,401.54,9,True,2025,1,6,88.54
Michael Reed,2025-05-27,Electronics,425.09,3,False,2025,5,1,327.09
Sarah King,2025-04-10,Electronics,38.28,3,False,2025,4,3,35.28
Beth Turner,2025-03-25,Clothing,474.99,7,True,2025,3,1,432.99
Caroline David,2025-01-25,Books,474.67,8,False,2025,1,5,403.67
Michelle Jacobs,2025-05-12,Groceries,289.09,2,False,2025,5,0,139.09
Samantha Johnson,2025-01-08,Groceries,326.53,6,True,2025,1,2,244.53
Laura Curtis,2025-04-30,Electronics,369.16,1,False,2025,4,2,147.16
Mark Jimenez,2025-04-08,Groceries,63.29,9,False,2025,4,1,43.29
Tyler Webb,2025-05-06,Groceries,498.2,4,False,2025,5,1,132.2
Elizabeth Jones,2025-01-10,Groceries,65.71,4,True,2025,1,4,32.71
John Harris,2025-04-05,Groceries,449.85,3,False,2025,4,5,156.85
Nathan Gross,2025-05-15,Electronics,335.58,6,True,2025,5,3,241.58
Bianca Wood,2025-03-29,Clothing,426.42,5,True,2025,3,5,192.42
John Adams,2025-02-08,Clothing,116.0,9,True,2025,2,5,75.0
Dylan Cruz,2025-04-07,Books,396.23,4,True,2025,4,0,89.23
Sean Moore,2025-02-21,Clothing,288.28,9,False,2025,2,4,258.28
Emily Hines,2025-03-19,Books,442.7,10,True,2025,3,2,364.7
Kathleen Parker,2025-01-04,Clothing,499.8,7,False,2025,1,5,438.8
Kathy Levy,2025-02-03,Groceries,412.55,7,True,2025,2,0,79.55
Anthony Simpson,2025-05-18,Books,322.96,6,False,2025,5,6,120.96
Julie Herrera,2025-05-13,Groceries,175.53,9,True,2025,5,1,125.53
Stephen Luna,2025-04-30,Books,253.92,7,True,2025,4,2,239.92
James Hudson,2025-01-31,Electronics,80.74,9,True,2025,1,4,14.74
Angel Gordon,2025-04-30,Books,467.7,6,True,2025,4,2,208.7
William Becker,2025-01-19,Clothing,447.99,9,True,2025,1,6,396.99
Jennifer Norton,2025-02-22,Clothing,319.35,4,False,2025,2,5,306.35
Nicole Gonzalez,2025-03-21,Books,309.14,5,True,2025,3,4,296.14
Amber Taylor,2025-02-22,Books,471.1,10,True,2025,2,5,370.1
Jesus Obrien,2025-03-22,Books,361.71,10,False,2025,3,5,306.71
Louis Martin,2025-06-04,Electronics,45.21,1,False,2025,6,2,42.21
Elizabeth Rogers,2025-05-10,Books,211.21,10,True,2025,5,5,95.21
Michelle Evans,2025-05-08,Groceries,148.39,9,False,2025,5,3,17.39
Michael Whitney,2025-04-02,Groceries,403.32,4,False,2025,4,2,39.32
Molly Watts,2025-01-05,Clothing,41.12,8,True,2025,1,6,39.12
Walter Patton,2025-05-02,Books,210.73,8,False,2025,5,4,148.73
Mikayla Silva,2025-01-27,Books,305.3,6,False,2025,1,0,222.3
Lisa Randall,2025-01-24,Clothing,487.81,6,True,2025,1,4,150.81
Amanda Vaughan,2025-01-18,Clothing,283.02,9,False,2025,1,5,135.02
Erik Hernandez,2025-04-18,Books,65.65,8,False,2025,4,4,22.65
Reginald Knapp,2025-05-17,Books,52.92,3,False,2025,5,5,14.92
Amy Taylor,2025-02-02,Groceries,211.98,10,True,2025,2,6,96.98
Matthew Fox,2025-02-18,Clothing,361.96,10,True,2025,2,1,229.96
Thomas Peterson,2025-02-25,Books,498.0,8,False,2025,2,1,399.0
Michelle Schneider,2025-04-19,Groceries,251.2,5,True,2025,4,5,85.2
Cheryl Wright,2025-03-29,Groceries,231.33,9,True,2025,3,5,44.33
William Evans,2025-02-15,Books,179.68,10,True,2025,2,5,160.68
Michael Stewart,2025-02-24,Clothing,300.77,8,False,2025,2,0,198.77
Rebecca Hill,2025-01-20,Clothing,9.05,9,True,2025,1,0,5.05
Jamie Baird,2025-05-08,Groceries,441.82,3,False,2025,5,3,118.82
Regina Roberts,2025-02-14,Groceries,27.39,6,True,2025,2,4,26.39
Hannah Ramos,2025-02-10,Books,278.85,6,True,2025,2,0,114.85
Dale Ryan,2025-05-26,Groceries,227.93,9,False,2025,5,0,128.93
Breanna Gilbert,2025-04-02,Electronics,487.67,3,False,2025,4,2,263.67
Michael Schmidt,2025-04-10,Clothing,281.13,6,False,2025,4,3,269.13
Jason Love,2025-01-16,Books,303.22,4,False,2025,1,3,173.22
Abigail Pierce,2025-05-26,Electronics,24.26,1,False,2025,5,0,22.26
Timothy Johns,2025-03-16,Groceries,231.21,9,True,2025,3,6,191.21
Victor Morris,2025-04-11,Clothing,162.67,10,False,2025,4,4,17.67
Ann Andrews,2025-03-25,Clothing,171.5,10,False,2025,3,1,137.5
Taylor Gentry,2025-01-28,Clothing,408.8,8,False,2025,1,1,82.8
Casey Gillespie,2025-06-05,Clothing,490.05,2,False,2025,6,3,295.05
Jon Zuniga,2025-05-31,Electronics,239.92,10,True,2025,5,5,9.92
Sherri Smith,2025-03-30,Electronics,242.82,10,False,2025,3,6,38.82
William Mitchell,2025-06-04,Books,20.63,4,True,2025,6,2,18.63
Kathleen Mays,2025-05-13,Books,223.31,1,False,2025,5,1,95.31
Corey Rodriguez,2025-01-26,Books,346.8,7,False,2025,1,6,16.8
David Lopez,2025-04-26,Groceries,354.36,1,True,2025,4,5,238.36
Laura Todd,2025-01-28,Clothing,265.11,8,False,2025,1,1,185.11
Stephanie Wilcox,2025-03-22,Books,456.5,8,False,2025,3,5,419.5
Michael Lopez,2025-01-22,Clothing,306.99,5,True,2025,1,2,197.99
David Green,2025-02-06,Books,281.25,5,True,2025,2,3,214.25
Tiffany Turner,2025-04-23,Clothing,353.93,5,False,2025,4,2,267.93
Matthew Schwartz,2025-01-10,Clothing,177.66,8,False,2025,1,4,46.66
Eric Sullivan,2025-03-20,Clothing,288.87,2,False,2025,3,3,24.87
Michele Collins,2025-01-19,Groceries,477.53,6,True,2025,1,6,377.53
Elizabeth Mendez,2025-02-04,Clothing,147.38,1,True,2025,2,1,97.38
Christian Adkins,2025-04-05,Clothing,329.71,8,False,2025,4,5,297.71
Joshua Ruiz,2025-03-25,Books,414.84,4,False,2025,3,1,377.84
Colleen Wright,2025-04-28,Clothing,59.07,3,True,2025,4,0,26.07
Angela Griffin,2025-04-20,Books,336.57,1,True,2025,4,6,181.57
Justin Brown,2025-03-27,Books,54.6,1,False,2025,3,3,31.6
Laura Hernandez,2025-02-21,Groceries,342.19,2,True,2025,2,4,110.19
Audrey Harris,2025-04-02,Electronics,489.07,9,True,2025,4,2,351.07
Jordan Stokes,2025-03-12,Groceries,241.34,8,True,2025,3,2,146.34
Joyce Brown,2025-03-14,Clothing,146.28,6,True,2025,3,4,58.28
Miranda Foster,2025-05-08,Electronics,119.95,10,True,2025,5,3,12.95
Laura Williams,2025-02-23,Books,441.71,7,True,2025,2,6,199.71
Zachary Michael,2025-01-11,Electronics,395.04,7,True,2025,1,5,363.04
Amanda Ortiz,2025-05-01,Clothing,9.59,1,True,2025,5,3,8.59
Veronica Brewer,2025-03-07,Clothing,229.9,5,False,2025,3,4,30.9
Janet Kane DVM,2025-02-28,Books,236.67,9,True,2025,2,4,213.67
Mary Ryan,2025-04-13,Electronics,85.43,6,False,2025,4,6,53.43
Christopher Medina,2025-03-24,Clothing,11.97,3,False,2025,3,0,9.97
Courtney Smith,2025-01-04,Clothing,338.83,10,True,2025,1,5,314.83
Michael Stephens,2025-03-25,Books,428.79,10,False,2025,3,1,170.79
Danielle Reed,2025-02-13,Groceries,167.32,9,False,2025,2,3,26.32
Molly Rodriguez,2025-05-07,Electronics,490.93,3,False,2025,5,2,421.93
Ralph Stephenson,2025-01-03,Clothing,8.38,4,False,2025,1,4,7.38
Brian Johnson,2025-04-04,Books,378.11,8,False,2025,4,4,248.11
Amber Yang,2025-03-04,Clothing,362.83,10,True,2025,3,1,125.83
Daniel Shields,2025-01-09,Clothing,347.92,6,True,2025,1,3,34.92
Donna Cabrera,2025-04-25,Electronics,156.87,8,False,2025,4,4,63.87
Kyle Chambers,2025-02-20,Clothing,321.16,2,False,2025,2,3,97.16
Charles Keller,2025-02-04,Clothing,114.32,10,True,2025,2,1,79.32
Antonio Fry,2025-05-18,Groceries,230.21,3,False,2025,5,6,29.21
Lori Simmons,2025-03-19,Groceries,456.83,9,True,2025,3,2,100.83
Teresa Powers,2025-05-03,Books,437.2,10,True,2025,5,5,261.2
Jason Hernandez,2025-02-28,Groceries,353.36,9,True,2025,2,4,226.36
Kara Atkinson,2025-02-16,Electronics,415.24,1,True,2025,2,6,349.24
Renee Melendez,2025-03-29,Books,167.42,3,False,2025,3,5,74.42
Kristin Anderson,2025-02-07,Electronics,359.87,4,False,2025,2,4,233.87
Matthew Nielsen,2025-05-13,Electronics,225.51,9,True,2025,5,1,190.51
Nathaniel Lee,2025-02-11,Groceries,259.06,3,False,2025,2,1,189.06
Lindsey Russo,2025-01-30,Electronics,233.88,9,False,2025,1,3,35.88
Misty Hansen,2025-03-16,Electronics,130.96,7,True,2025,3,6,68.96
Felicia Krueger,2025-01-03,Books,41.15,10,False,2025,1,4,39.15
Tonya Wilson,2025-06-06,Clothing,272.88,2,True,2025,6,4,166.88
David Munoz,2025-02-01,Electronics,20.71,8,False,2025,2,5,18.71
Kristen Rowe,2025-03-01,Books,384.08,3,False,2025,3,5,337.08
Heather Green,2025-03-22,Clothing,227.03,7,False,2025,3,5,97.03
Brett Zavala MD,2025-05-12,Groceries,342.95,2,True,2025,5,0,33.95
Jacqueline Gutierrez,2025-03-29,Clothing,93.34,2,False,2025,3,5,21.34
Charles Green,2025-05-26,Books,418.24,4,True,2025,5,0,381.24
Jennifer Hernandez,2025-02-21,Clothing,338.38,8,False,2025,2,4,105.38
Roy Porter,2025-04-13,Groceries,127.52,4,False,2025,4,6,99.52
Dawn Underwood,2025-05-31,Books,98.3,5,True,2025,5,5,61.3
Katherine Jackson,2025-05-05,Electronics,309.39,7,True,2025,5,0,67.39
Nathan Freeman,2025-05-24,Books,38.31,4,True,2025,5,5,36.31
Maria Brown,2025-01-06,Groceries,337.65,10,True,2025,1,0,129.65
Theresa Barnett,2025-04-30,Books,204.12,1,True,2025,4,2,99.12
Ryan Hall,2025-04-21,Books,74.37,1,False,2025,4,0,56.37
Jonathan Brooks,2025-04-07,Books,162.86,10,False,2025,4,0,35.86
Lisa Webb,2025-03-18,Books,438.75,5,True,2025,3,1,60.75
Juan Smith,2025-03-24,Groceries,141.2,5,True,2025,3,0,107.2
William Smith,2025-05-07,Groceries,250.33,9,False,2025,5,2,79.33
Renee Browning,2025-01-17,Groceries,162.77,9,False,2025,1,4,61.77
Chase Lee,2025-03-24,Groceries,153.44,3,True,2025,3,0,74.44
Debra Sanders,2025-02-28,Groceries,425.42,4,False,2025,2,4,312.42
Karl Branch,2025-02-05,Books,457.8,8,False,2025,2,2,276.8
Sarah Valdez,2025-05-15,Groceries,267.35,9,False,2025,5,3,225.35
Anna Gray,2025-03-28,Books,105.65,5,True,2025,3,4,91.65
Adam Jackson,2025-03-20,Groceries,50.77,6,True,2025,3,3,37.77
Richard Knight,2025-05-14,Electronics,191.7,5,True,2025,5,2,110.7
Joseph Williams,2025-02-03,Electronics,403.3,4,True,2025,2,0,324.3
Stacy Alvarez,2025-01-08,Groceries,435.39,4,False,2025,1,2,369.39
Timothy Lam,2025-03-29,Clothing,109.84,1,True,2025,3,5,40.84
Timothy Edwards,2025-05-31,Electronics,457.65,8,True,2025,5,5,213.65
Nicole Marquez,2025-03-04,Groceries,278.28,4,False,2025,3,1,54.28
Christopher Allen,2025-05-11,Groceries,269.16,8,False,2025,5,6,216.16
Steven Rivera,2025-04-28,Clothing,183.02,5,False,2025,4,0,86.02
William Ramsey,2025-03-20,Groceries,402.39,2,False,2025,3,3,280.39
Amy Kim,2025-05-11,Clothing,188.5,4,False,2025,5,6,103.5
Randy Friedman,2025-03-03,Electronics,432.72,10,True,2025,3,0,113.72
Alyssa Nelson,2025-06-04,Electronics,278.89,5,False,2025,6,2,188.89
Henry Pugh MD,2025-04-17,Clothing,102.11,3,True,2025,4,3,11.11
Angelica Montgomery,2025-05-05,Groceries,417.51,10,False,2025,5,0,94.51
Angela Moore,2025-04-22,Clothing,382.86,5,False,2025,4,1,285.86
Nancy Stewart,2025-01-17,Groceries,88.28,8,False,2025,1,4,49.28
Eric Ward,2025-02-12,Books,361.56,3,False,2025,2,2,307.56
Cody Cole,2025-03-28,Books,495.21,9,True,2025,3,4,275.21
Alexander Gomez,2025-01-15,Electronics,472.87,2,True,2025,1,2,24.87
Erika Cruz,2025-02-15,Electronics,73.06,7,True,2025,2,5,30.06
Bradley Santana,2025-05-22,Electronics,9.53,3,False,2025,5,3,5.53
Laura Jackson,2025-03-01,Clothing,310.83,1,False,2025,3,5,190.83
Eric Snyder,2025-01-10,Groceries,8.27,1,False,2025,1,4,4.27
Jason Washington,2025-01-13,Electronics,267.06,1,False,2025,1,0,43.06
David Weber,2025-04-03,Clothing,253.6,1,False,2025,4,3,125.6
Brian Torres,2025-05-29,Books,459.43,2,True,2025,5,3,307.43
Manuel Brock,2025-02-21,Books,311.79,4,False,2025,2,4,294.79
Robert Villarreal,2025-06-02,Clothing,398.49,5,True,2025,6,0,15.49
Frank Valentine,2025-02-01,Clothing,232.2,7,True,2025,2,5,113.2
Vincent Novak,2025-02-15,Books,343.6,5,True,2025,2,5,207.6
Katherine Johnston,2025-02-07,Electronics,205.61,2,False,2025,2,4,132.61
Robert Long,2025-01-18,Groceries,320.19,1,True,2025,1,5,143.19
Leslie Gardner,2025-04-17,Electronics,423.44,8,False,2025,4,3,191.44
Tiffany Murray,2025-04-21,Electronics,459.98,9,True,2025,4,0,153.98
Eddie Schwartz,2025-05-08,Books,240.37,10,True,2025,5,3,174.37
Jennifer Porter,2025-04-09,Electronics,450.16,5,True,2025,4,2,138.16
Matthew Espinoza,2025-05-04,Books,12.75,6,True,2025,5,6,10.75
William Mendoza,2025-03-04,Books,464.79,7,False,2025,3,1,161.79
Tami Holt,2025-03-26,Books,124.03,10,False,2025,3,2,114.03
Heather Woodard,2025-03-25,Clothing,379.03,7,True,2025,3,1,156.03
Angela Mack,2025-04-13,Electronics,374.0,9,False,2025,4,6,342.0
Matthew Williams,2025-06-03,Electronics,221.36,2,True,2025,6,1,201.36
Jennifer Goodwin,2025-05-31,Clothing,385.66,10,False,2025,5,5,135.66
Adam Green,2025-03-21,Clothing,318.89,1,False,2025,3,4,50.89
Lauren Johnston,2025-03-11,Groceries,181.13,4,False,2025,3,1,163.13
Raymond Chapman,2025-03-20,Groceries,341.45,3,False,2025,3,3,114.45
Alexander Garcia,2025-03-06,Electronics,151.21,10,True,2025,3,3,41.21
Audrey Shepard,2025-01-23,Electronics,137.65,2,False,2025,1,3,66.65
Jesse Clark,2025-03-17,Books,161.76,7,True,2025,3,0,126.76
Jeffrey Horton,2025-02-19,Electronics,471.77,1,False,2025,2,2,230.77
Robert Wilson,2025-05-13,Clothing,55.6,5,True,2025,5,1,14.6
Megan Martin,2025-06-03,Books,227.18,7,False,2025,6,1,156.18
Christopher Moore,2025-03-29,Electronics,49.36,1,True,2025,3,5,48.36
Crystal Sullivan,2025-01-29,Clothing,11.11,7,False,2025,1,2,10.11
Jessica Johnson,2025-04-06,Groceries,363.8,2,True,2025,4,6,145.8
Kevin Price,2025-04-21,Books,88.9,7,False,2025,4,0,51.9
Paul Stokes,2025-01-10,Clothing,249.1,5,True,2025,1,4,206.1
Shane Lopez,2025-02-20,Books,141.6,7,False,2025,2,3,86.6
Dennis Huffman,2025-03-24,Groceries,183.76,2,True,2025,3,0,98.76
Linda Carr,2025-04-02,Groceries,310.25,10,False,2025,4,2,178.25
Ryan Williamson,2025-05-08,Electronics,155.81,3,False,2025,5,3,122.81
Elizabeth Mendez,2025-01-14,Clothing,193.05,10,False,2025,1,1,179.05
Bruce Torres,2025-01-29,Groceries,218.16,6,True,2025,1,2,86.16
Kayla Barnes,2025-01-22,Clothing,303.59,6,True,2025,1,2,137.59
Cody Reid,2025-04-19,Groceries,92.93,6,False,2025,4,5,62.93
Zoe Peters,2025-03-18,Clothing,368.76,5,False,2025,3,1,123.76
Ernest Hayes,2025-01-09,Books,191.15,6,False,2025,1,3,35.15
Adam Taylor,2025-05-08,Clothing,466.37,2,True,2025,5,3,74.37
Kathy Simpson,2025-04-17,Books,18.32,9,False,2025,4,3,17.32
Ryan Burns,2025-01-13,Books,399.85,8,True,2025,1,0,157.85
Philip Carter,2025-02-12,Groceries,73.89,8,False,2025,2,2,34.89
Carol Ellis,2025-04-26,Books,331.04,5,False,2025,4,5,251.04
Krista Wilson,2025-01-18,Groceries,227.29,2,False,2025,1,5,37.29
Samantha Richardson,2025-05-09,Groceries,255.77,9,False,2025,5,4,142.77
Nathan Payne,2025-06-04,Electronics,352.31,6,True,2025,6,2,248.31
Ronald Potter,2025-02-16,Electronics,330.51,4,False,2025,2,6,131.51
Mrs. Hannah Montoya MD,2025-06-05,Books,26.93,10,False,2025,6,3,22.93
Cynthia Cochran,2025-04-02,Clothing,57.44,7,True,2025,4,2,47.44
Michael Chen,2025-01-26,Clothing,257.78,4,True,2025,1,6,27.78
Daniel Clark,2025-01-10,Groceries,198.61,6,True,2025,1,4,28.61
Douglas Ryan,2025-02-20,Clothing,243.97,1,False,2025,2,3,215.97
Donna Adams,2025-05-14,Groceries,62.45,2,True,2025,5,2,28.45
Miss Anna Estes,2025-05-03,Clothing,174.82,5,True,2025,5,5,79.82
Wendy Camacho,2025-01-20,Groceries,240.7,6,False,2025,1,0,95.7
Danielle Dawson,2025-05-10,Groceries,38.25,6,True,2025,5,5,37.25
Megan Burns,2025-04-01,Electronics,425.34,1,True,2025,4,1,264.34
Jason Hayes,2025-04-09,Books,260.42,4,True,2025,4,2,141.42
Anna Robertson,2025-02-13,Clothing,216.05,9,False,2025,2,3,14.05
Jackie Clements,2025-02-21,Books,316.73,7,True,2025,2,4,168.73
Raymond Oconnor,2025-04-25,Groceries,19.45,7,True,2025,4,4,17.45
Matthew Howard,2025-01-10,Groceries,217.63,10,True,2025,1,4,32.63
Claudia Jordan,2025-02-03,Books,142.78,4,True,2025,2,0,122.78
Ronald Morgan,2025-04-01,Electronics,97.55,9,False,2025,4,1,45.55
Karina Cooper,2025-04-17,Books,61.41,8,False,2025,4,3,48.41
Brett Bowers,2025-03-13,Clothing,197.38,10,False,2025,3,3,56.38
Scott Alexander,2025-01-01,Electronics,179.23,6,False,2025,1,2,76.23
Christina Barker,2025-01-21,Books,459.75,5,True,2025,1,1,423.75
Caitlin Cantu,2025-02-12,Books,63.34,6,False,2025,2,2,46.34
Danielle Watson,2025-05-22,Electronics,189.79,3,True,2025,5,3,81.79
James Torres,2025-04-20,Groceries,300.23,7,False,2025,4,6,103.23
Matthew Padilla,2025-01-01,Groceries,245.9,3,True,2025,1,2,116.9
Casey Perez,2025-04-17,Books,147.97,8,True,2025,4,3,127.97
Michael Montoya,2025-06-04,Clothing,311.61,8,False,2025,6,2,114.61
Carlos Jones,2025-03-01,Electronics,72.58,8,False,2025,3,5,39.58
Ashley Edwards,2025-05-18,Groceries,343.92,7,False,2025,5,6,244.92
Raymond Mullins,2025-01-21,Groceries,87.79,8,True,2025,1,1,69.79
Brenda Moreno MD,2025-04-12,Books,21.18,5,True,2025,4,5,19.18
Nathan Fuller,2025-01-24,Clothing,391.47,3,False,2025,1,4,311.47
Michael Heath,2025-01-14,Electronics,61.53,10,False,2025,1,1,30.53
Paul Lawrence,2025-03-01,Electronics,275.44,8,False,2025,3,5,143.44
Emily Taylor,2025-02-13,Electronics,152.37,4,True,2025,2,3,113.37
Juan Greene,2025-04-05,Groceries,177.55,5,True,2025,4,5,45.55
Melissa Abbott,2025-04-13,Groceries,388.94,2,True,2025,4,6,81.94
Joseph Hicks,2025-04-27,Books,346.12,10,False,2025,4,6,229.12
Anthony Hurst,2025-05-30,Books,73.92,10,True,2025,5,4,15.92
Brian Porter MD,2025-03-24,Books,287.19,1,False,2025,3,0,162.19
Victoria Peck,2025-01-21,Books,489.61,6,False,2025,1,1,315.61
Laura Diaz,2025-04-17,Clothing,137.33,10,True,2025,4,3,82.33
Tiffany Townsend,2025-01-03,Books,459.79,7,False,2025,1,4,313.79
Dennis Williams,2025-01-10,Books,128.59,3,False,2025,1,4,54.59
Katie Fuller,2025-03-20,Books,247.28,7,False,2025,3,3,63.28
Michael Miller,2025-03-25,Groceries,228.74,7,True,2025,3,1,110.74
Diamond Collins,2025-03-21,Groceries,376.15,9,False,2025,3,4,225.15
Robert Herrera,2025-03-03,Groceries,167.01,8,True,2025,3,0,144.01
Sandra Becker,2025-01-11,Electronics,319.25,8,False,2025,1,5,277.25
Monica Mathis,2025-01-10,Electronics,201.87,9,False,2025,1,4,96.87
Jeffrey Chavez,2025-04-06,Books,137.93,8,False,2025,4,6,83.93
Patrick Yang,2025-01-19,Clothing,291.08,9,False,2025,1,6,50.08
Meredith Martin,2025-05-29,Clothing,27.74,1,False,2025,5,3,23.74
Rachel Le,2025-01-27,Electronics,465.07,2,True,2025,1,0,199.07
Richard Adams,2025-05-19,Groceries,5.33,8,False,2025,5,0,4.33
Alyssa Roman,2025-02-12,Books,441.66,3,False,2025,2,2,191.66
Michael Ray,2025-01-13,Books,51.2,5,False,2025,1,0,23.2
Ian Porter,2025-03-30,Clothing,189.06,2,True,2025,3,6,64.06
David Garcia,2025-03-31,Electronics,314.67,7,True,2025,3,0,116.67
Crystal Hicks,2025-01-07,Groceries,353.33,2,True,2025,1,1,310.33
Dana Ruiz,2025-03-01,Books,43.58,8,True,2025,3,5,41.58
Timothy Mathews,2025-03-28,Groceries,8.99,1,False,2025,3,4,4.99
Natalie Barnes,2025-02-20,Electronics,348.55,7,False,2025,2,3,294.55
Nathan Nelson,2025-01-13,Electronics,194.62,4,True,2025,1,0,164.62
Jonathan Winters,2025-01-29,Electronics,186.94,6,False,2025,1,2,76.94
Vicki Finley,2025-01-11,Books,387.86,7,True,2025,1,5,286.86
Douglas Kirk,2025-02-21,Books,267.6,2,True,2025,2,4,184.6
Aimee Gonzalez,2025-03-30,Books,178.84,8,True,2025,3,6,149.84
Marcus Marshall,2025-04-03,Books,309.96,7,False,2025,4,3,244.96
Raymond Gonzalez DVM,2025-04-29,Books,448.81,2,True,2025,4,1,354.81
Aaron Ortiz,2025-02-06,Electronics,366.35,10,False,2025,2,3,215.35
Ryan Wiley,2025-05-29,Groceries,396.58,6,True,2025,5,3,329.58
Matthew Sweeney,2025-04-24,Clothing,127.84,2,False,2025,4,3,28.84
Joseph Allen,2025-03-18,Electronics,106.7,5,True,2025,3,1,78.7
Zachary Dawson,2025-01-15,Groceries,324.85,5,True,2025,1,2,60.85
Stephanie Meyer,2025-04-20,Groceries,60.81,7,False,2025,4,6,41.81
William Miller,2025-01-15,Electronics,444.92,9,True,2025,1,2,330.92
Robert Jones,2025-03-30,Clothing,70.33,6,False,2025,3,6,27.33
Victor Young,2025-02-10,Clothing,343.06,9,False,2025,2,0,12.06
Robert Haynes,2025-04-25,Electronics,295.74,1,True,2025,4,4,274.74
Dillon Jones,2025-02-01,Clothing,24.71,4,True,2025,2,5,21.71
Lauren Moore,2025-01-26,Groceries,146.81,9,False,2025,1,6,30.81
Jason Herrera,2025-05-31,Groceries,45.8,7,True,2025,5,5,43.8
Eric Baker,2025-01-19,Clothing,158.4,2,True,2025,1,6,27.4
Michael Mckenzie,2025-04-19,Books,166.74,9,True,2025,4,5,68.74
Russell Murphy,2025-01-15,Clothing,366.33,7,True,2025,1,2,141.33
Henry Palmer,2025-04-16,Electronics,47.68,4,False,2025,4,2,43.68
William Johnson,2025-03-05,Electronics,308.09,8,True,2025,3,2,288.09
Paul Wright,2025-03-14,Clothing,64.12,3,True,2025,3,4,36.12
Brenda Smith,2025-05-10,Electronics,250.72,3,False,2025,5,5,192.72
Mrs. Samantha Watson,2025-04-09,Clothing,189.08,3,False,2025,4,2,163.08
Lauren Green,2025-05-07,Electronics,170.83,1,False,2025,5,2,155.83
Austin Orr,2025-03-11,Clothing,36.62,9,True,2025,3,1,34.62
Taylor Calderon,2025-02-21,Groceries,257.84,8,True,2025,2,4,34.84
Joel Jackson,2025-03-31,Groceries,87.61,10,True,2025,3,0,11.61
Jennifer Johnson,2025-04-17,Clothing,447.66,2,True,2025,4,3,107.66
Daniel Lopez,2025-02-13,Books,6.27,9,True,2025,2,3,3.27
Amanda Harvey,2025-02-08,Books,238.52,1,False,2025,2,5,123.52
Jason Pierce,2025-01-10,Books,465.92,3,True,2025,1,4,159.92
Chad Gonzalez,2025-05-19,Groceries,164.29,4,False,2025,5,0,67.29
Lydia Pham,2025-05-05,Clothing,413.87,5,False,2025,5,0,68.87
Rachael Howard DDS,2025-03-17,Electronics,338.3,9,True,2025,3,0,161.3
Kathryn Price,2025-01-29,Books,403.15,4,True,2025,1,2,145.15
Daniel Huang,2025-05-02,Groceries,439.11,2,False,2025,5,4,126.11
William Moreno,2025-04-30,Clothing,47.76,6,False,2025,4,2,43.76
Dr. Ariel Sandoval MD,2025-05-08,Electronics,104.33,6,False,2025,5,3,36.33
Amy Davies,2025-02-04,Books,187.3,8,False,2025,2,1,100.3
Rebecca Kelly,2025-05-12,Books,381.44,9,True,2025,5,0,81.44
Casey Watkins,2025-05-06,Books,466.54,1,True,2025,5,1,389.54
Suzanne Johnson,2025-04-20,Books,176.48,9,True,2025,4,6,88.48
Kristy Hart,2025-01-30,Clothing,380.67,1,False,2025,1,3,283.67
Sierra Vasquez MD,2025-03-18,Clothing,106.57,2,True,2025,3,1,63.57
David Robinson,2025-03-24,Groceries,480.79,8,True,2025,3,0,354.79
Thomas Harris,2025-01-21,Clothing,26.73,2,True,2025,1,1,22.73
Tamara Richard,2025-02-20,Groceries,231.94,6,True,2025,2,3,126.94
Kevin Stark,2025-05-01,Electronics,71.09,9,False,2025,5,3,43.09
Shannon Yu,2025-02-28,Electronics,286.07,10,False,2025,2,4,252.07
Jennifer Garcia,2025-02-17,Books,149.38,4,False,2025,2,0,102.38
Christopher Fry,2025-05-04,Groceries,162.44,6,False,2025,5,6,62.44
Marie Thompson,2025-06-01,Books,472.06,2,True,2025,6,6,317.06
Tanya Buchanan,2025-02-04,Electronics,57.3,3,False,2025,2,1,18.3
Casey Parker,2025-04-18,Groceries,206.22,6,False,2025,4,4,154.22
Nicholas Rush,2025-05-29,Books,157.61,8,False,2025,5,3,106.61
Zachary Sanford,2025-01-06,Electronics,83.02,2,False,2025,1,0,37.02
Tammy Ponce,2025-02-04,Electronics,418.78,4,False,2025,2,1,315.78
Taylor Taylor,2025-04-27,Books,357.02,2,False,2025,4,6,258.02
William Jackson,2025-05-19,Groceries,29.23,9,False,2025,5,0,27.23
Michael Fowler,2025-05-19,Clothing,20.39,3,False,2025,5,0,18.39
Derek Wright,2025-01-11,Groceries,375.3,9,True,2025,1,5,244.3
Brian Smith,2025-03-02,Electronics,55.44,8,True,2025,3,6,38.44
Tracy Wilkerson,2025-03-18,Electronics,35.53,1,True,2025,3,1,34.53
Joshua Garcia,2025-03-16,Books,412.72,4,False,2025,3,6,240.72
Marilyn Mcdaniel,2025-01-26,Electronics,295.13,10,True,2025,1,6,221.13
Ryan Phillips,2025-02-19,Electronics,102.89,2,False,2025,2,2,36.89
Angela Jackson,2025-02-28,Books,453.01,2,False,2025,2,4,310.01
Kimberly Villanueva,2025-01-15,Electronics,471.43,1,True,2025,1,2,272.43
Lisa Webb,2025-01-05,Books,219.41,10,False,2025,1,6,162.41
Carmen Preston,2025-01-25,Groceries,194.45,1,False,2025,1,5,132.45
Daniel Lee,2025-04-19,Books,111.28,6,True,2025,4,5,30.28
Monica Baker,2025-02-13,Clothing,225.78,5,True,2025,2,3,34.78
Anthony Armstrong,2025-05-12,Electronics,311.49,10,True,2025,5,0,284.49
Isaac Patterson,2025-02-15,Clothing,208.94,8,False,2025,2,5,28.94
Lindsay Gonzalez,2025-01-05,Electronics,143.49,2,True,2025,1,6,93.49
Edgar Miller,2025-05-12,Groceries,323.11,4,True,2025,5,0,137.11
James Burns,2025-04-14,Electronics,392.05,7,False,2025,4,0,307.05
Joshua Lopez,2025-05-19,Groceries,391.81,9,False,2025,5,0,191.81
Jeremy Baker,2025-03-14,Clothing,138.87,7,True,2025,3,4,71.87
Derrick Brown,2025-04-28,Clothing,113.41,10,False,2025,4,0,34.41
Angelica Cooper,2025-03-26,Electronics,267.07,8,True,2025,3,2,216.07
Leah Spencer,2025-05-12,Books,127.69,2,True,2025,5,0,49.69
Jennifer Nichols,2025-05-16,Clothing,409.06,9,True,2025,5,4,245.06
Stephen Alvarez,2025-01-13,Books,424.02,10,False,2025,1,0,352.02
Michelle Shaw,2025-05-21,Clothing,92.17,3,False,2025,5,2,79.17
Megan Oliver,2025-01-19,Clothing,18.96,10,False,2025,1,6,14.96
Carrie Joyce,2025-06-01,Books,474.44,10,False,2025,6,6,209.44
Beth Henderson,2025-06-04,Clothing,247.77,3,True,2025,6,2,41.77
Zachary Burton,2025-05-11,Electronics,302.82,4,True,2025,5,6,218.82
Thomas Sloan,2025-01-11,Groceries,169.21,1,True,2025,1,5,42.21
James Nguyen,2025-02-13,Books,359.88,6,False,2025,2,3,186.88
Shane Buchanan,2025-04-08,Electronics,78.12,1,True,2025,4,1,59.12
Jennifer Perry,2025-01-24,Electronics,431.03,9,True,2025,1,4,419.03
Olivia Ayers,2025-05-25,Clothing,295.08,7,False,2025,5,6,26.08
Ashlee Mitchell,2025-03-25,Clothing,72.54,6,True,2025,3,1,41.54
Jason Reyes,2025-03-17,Groceries,326.34,8,True,2025,3,0,165.34
Amanda Hill,2025-01-23,Clothing,334.44,4,True,2025,1,3,82.44
Melissa Williams,2025-05-19,Groceries,368.33,5,False,2025,5,0,210.33
David Reese,2025-05-24,Books,365.77,3,False,2025,5,5,62.77
Alicia Roth,2025-02-17,Electronics,303.18,3,True,2025,2,0,218.18
John Horton,2025-01-16,Electronics,74.62,8,True,2025,1,3,13.62
Brandy Mccann,2025-03-11,Books,491.28,6,True,2025,3,1,192.28
Debra Butler,2025-04-11,Electronics,226.08,6,False,2025,4,4,30.08
Daniel Holloway,2025-04-26,Books,348.12,4,False,2025,4,5,112.12
Sharon Nicholson,2025-03-22,Clothing,361.6,2,True,2025,3,5,178.6
Eric Hunter,2025-01-22,Groceries,367.63,8,True,2025,1,2,300.63
Sherry Johnson,2025-01-31,Groceries,441.48,8,False,2025,1,4,57.48
Sara Wright,2025-03-13,Groceries,415.26,2,True,2025,3,3,160.26
Michele Hill,2025-05-09,Books,41.49,8,True,2025,5,4,40.49
Madison Martinez,2025-01-05,Clothing,162.76,1,True,2025,1,6,117.76
Kirk Thompson,2025-05-16,Electronics,89.2,6,False,2025,5,4,65.2
Hannah Martin,2025-05-20,Books,275.79,2,True,2025,5,1,108.79
Melissa Mitchell,2025-03-02,Clothing,492.71,10,False,2025,3,6,470.71
Kenneth Hanna,2025-05-14,Electronics,471.51,7,True,2025,5,2,256.51
Megan Adams,2025-03-05,Groceries,31.51,3,False,2025,3,2,29.51
Richard Saunders,2025-01-02,Books,207.59,4,False,2025,1,3,83.59
Maria Burke,2025-01-02,Clothing,122.59,5,True,2025,1,3,67.59
Robert Torres,2025-05-31,Groceries,277.08,10,False,2025,5,5,220.08
Jessica Bennett,2025-02-24,Books,183.61,1,False,2025,2,0,90.61
John Byrd,2025-05-09,Electronics,412.83,5,False,2025,5,4,374.83
Brian Hunt,2025-04-14,Books,17.74,2,True,2025,4,0,15.74
Jacqueline Holland,2025-04-06,Clothing,239.42,2,True,2025,4,6,80.42
Brian Brown,2025-06-04,Clothing,238.12,7,False,2025,6,2,94.12
Shannon Green,2025-04-22,Electronics,196.83,9,False,2025,4,1,130.83
Elizabeth Hernandez,2025-04-30,Groceries,97.36,6,True,2025,4,2,52.36
Renee Lang,2025-04-04,Clothing,235.2,8,True,2025,4,4,175.2
Melanie Griffith,2025-04-13,Clothing,35.51,10,True,2025,4,6,34.51
Deanna Barnes MD,2025-01-06,Electronics,405.05,6,False,2025,1,0,353.05
Laura Lee,2025-04-24,Books,35.19,9,False,2025,4,3,31.19
Joseph Glover,2025-05-22,Groceries,345.1,9,False,2025,5,3,291.1
Katie Bruce,2025-05-12,Books,152.93,8,False,2025,5,0,11.93
Catherine Davis,2025-01-20,Electronics,287.75,9,True,2025,1,0,76.75
Robert Hines,2025-01-29,Electronics,90.58,8,True,2025,1,2,56.58
Gabriela Davis,2025-02-25,Books,67.46,4,False,2025,2,1,26.46
Elizabeth French,2025-02-21,Electronics,104.95,7,True,2025,2,4,54.95
Edward York,2025-03-15,Clothing,455.85,6,True,2025,3,5,137.85
Lauren Blackburn,2025-01-12,Electronics,280.4,7,False,2025,1,6,242.4
Kathryn Dillon,2025-03-01,Clothing,231.79,9,True,2025,3,5,51.79
Anthony Dickerson,2025-01-22,Groceries,210.15,2,True,2025,1,2,108.15
Jason Hudson,2025-05-22,Electronics,283.53,2,True,2025,5,3,70.53
Eugene Baldwin,2025-05-02,Clothing,440.67,9,False,2025,5,4,355.67
Mr. Christopher Walters,2025-01-01,Clothing,329.12,7,False,2025,1,2,101.12
Philip Jackson,2025-04-30,Electronics,141.33,3,True,2025,4,2,84.33
Phillip Miller DDS,2025-04-09,Groceries,200.92,1,False,2025,4,2,92.92
Vincent Reyes,2025-01-06,Books,374.15,1,False,2025,1,0,174.15
Jake Smith,2025-02-20,Clothing,172.24,1,False,2025,2,3,159.24
Cheryl Rhodes,2025-04-08,Clothing,422.21,5,True,2025,4,1,267.21
Michael Cooper,2025-01-21,Books,153.74,3,False,2025,1,1,55.74
Kevin Jackson,2025-05-09,Clothing,365.76,5,True,2025,5,4,176.76
Earl Luna,2025-04-04,Books,109.64,8,False,2025,4,4,60.64
Stephen Cowan,2025-02-23,Groceries,434.26,9,True,2025,2,6,196.26
Heather Lopez,2025-05-29,Books,159.01,2,False,2025,5,3,127.01
Jennifer Perez,2025-04-24,Books,440.27,9,True,2025,4,3,320.27
Nicholas Lawrence,2025-01-27,Books,438.21,4,True,2025,1,0,56.21
Matthew Johnson,2025-05-17,Electronics,21.37,4,True,2025,5,5,17.37
Joseph Williams,2025-06-05,Clothing,140.62,4,False,2025,6,3,36.62
Martha Smith,2025-04-18,Groceries,342.18,2,True,2025,4,4,120.18
James Kelley,2025-03-16,Clothing,299.05,8,True,2025,3,6,63.05
Michael Mccoy,2025-02-17,Groceries,277.91,10,False,2025,2,0,120.91
Mary Nelson,2025-04-05,Books,375.74,5,True,2025,4,5,282.74
Ronald Garcia,2025-04-23,Clothing,196.35,1,True,2025,4,2,78.35
Brian Rodriguez,2025-02-01,Books,325.45,4,True,2025,2,5,103.45
Dennis Mills,2025-02-01,Clothing,259.07,7,True,2025,2,5,214.07
Elizabeth Williams,2025-03-19,Groceries,325.45,3,True,2025,3,2,15.45
Timothy Rivera,2025-01-01,Books,306.13,5,False,2025,1,2,252.13
Susan Conley,2025-04-15,Clothing,448.26,7,False,2025,4,1,365.26
Brandon Hunt,2025-04-23,Groceries,113.01,5,False,2025,4,2,77.01
David Hall,2025-06-04,Groceries,55.64,10,False,2025,6,2,26.64
John Garcia,2025-01-28,Clothing,343.78,5,False,2025,1,1,90.78
Dylan Solis,2025-02-18,Electronics,494.24,6,False,2025,2,1,40.24
Anna Chang,2025-01-08,Clothing,329.78,5,False,2025,1,2,51.78
Mary Jackson,2025-02-25,Books,261.06,3,True,2025,2,1,166.06
Marco Johns,2025-01-15,Electronics,205.03,10,False,2025,1,2,179.03
Catherine Morales,2025-05-31,Books,329.42,1,False,2025,5,5,17.42
James Jefferson,2025-05-05,Clothing,205.28,7,True,2025,5,0,99.28
Rebecca Wilson,2025-04-19,Books,364.64,6,True,2025,4,5,309.64
Tommy Moore,2025-03-06,Groceries,256.12,6,True,2025,3,3,245.12
Rebekah Gregory,2025-01-29,Books,53.31,5,True,2025,1,2,17.31
Ian Johnson,2025-04-17,Clothing,382.64,9,True,2025,4,3,45.64
Valerie Anderson,2025-05-24,Clothing,115.02,2,True,2025,5,5,71.02
Jason Williams,2025-02-10,Clothing,395.1,7,False,2025,2,0,173.1
Michael Gregory,2025-04-30,Clothing,294.86,5,False,2025,4,2,195.86
Krystal Levine,2025-04-15,Electronics,31.57,8,True,2025,4,1,27.57
Joseph Haynes,2025-01-15,Groceries,252.74,4,False,2025,1,2,61.74
Danielle Reed,2025-04-16,Clothing,31.76,7,True,2025,4,2,29.76
Ryan Grant,2025-06-04,Books,174.62,4,False,2025,6,2,113.62
Mason Moore,2025-05-13,Books,431.89,6,True,2025,5,1,326.89
Sheila Jones,2025-03-18,Electronics,169.65,8,True,2025,3,1,62.65
Wayne Williams,2025-02-04,Clothing,7.33,1,False,2025,2,1,4.33
Jennifer Young,2025-03-13,Books,290.26,3,True,2025,3,3,29.26
Joan Gates,2025-03-11,Groceries,69.06,2,False,2025,3,1,57.06
Jonathan Valdez,2025-01-17,Groceries,217.37,7,False,2025,1,4,130.37
Justin Smith,2025-01-15,Groceries,23.67,1,True,2025,1,2,20.67
Lisa Torres,2025-03-21,Clothing,446.54,1,True,2025,3,4,184.54
Michael Clements,2025-02-26,Electronics,315.21,1,True,2025,2,2,19.21
Daniel Gibson,2025-03-29,Books,159.49,6,True,2025,3,5,31.49
Kara Sandoval,2025-04-22,Groceries,296.39,9,True,2025,4,1,172.39
Peter Walker,2025-02-23,Electronics,152.61,1,False,2025,2,6,136.61
Tracey Carter,2025-03-23,Groceries,300.2,9,False,2025,3,6,289.2
Amber Martin,2025-01-22,Groceries,174.65,3,False,2025,1,2,125.65
Mikayla Rodriguez,2025-04-06,Clothing,86.62,4,False,2025,4,6,43.62
Timothy Long,2025-03-13,Electronics,116.04,4,True,2025,3,3,68.04
Michelle Rodriguez,2025-03-06,Books,296.9,1,True,2025,3,3,45.9
Sara Chapman,2025-05-01,Electronics,357.0,6,True,2025,5,3,284.0
Matthew Blanchard,2025-01-22,Groceries,386.77,5,True,2025,1,2,42.77
Mr. Anthony Mcconnell PhD,2025-03-17,Electronics,328.52,2,True,2025,3,0,171.52
Tammy Thompson,2025-04-01,Electronics,211.3,2,False,2025,4,1,95.3
Betty Hughes,2025-04-04,Electronics,130.11,9,True,2025,4,4,98.11
Kathy Cruz,2025-06-02,Books,154.05,1,True,2025,6,0,19.05
Pamela Hill,2025-05-31,Clothing,304.79,10,True,2025,5,5,169.79
Jodi Anderson,2025-03-06,Groceries,258.23,2,True,2025,3,3,241.23
Nicole Evans,2025-04-20,Clothing,393.46,2,False,2025,4,6,322.46
Michelle Walls,2025-04-09,Books,103.88,10,False,2025,4,2,58.88
Marcus Roberts,2025-02-23,Books,353.2,6,False,2025,2,6,91.2
Vicki Santos,2025-05-30,Books,276.33,1,True,2025,5,4,232.33
Melissa Morris,2025-01-19,Groceries,121.08,6,True,2025,1,6,35.08
John Duncan,2025-04-15,Electronics,418.44,2,False,2025,4,1,27.44
Paul Skinner,2025-02-14,Books,390.87,2,True,2025,2,4,195.87
Rhonda Mills,2025-01-04,Electronics,323.95,5,False,2025,1,5,16.95
Michael Gonzalez,2025-04-28,Clothing,234.82,5,True,2025,4,0,101.82
Dustin King,2025-05-12,Books,426.86,1,False,2025,5,0,127.86
Elizabeth Molina,2025-01-06,Clothing,370.58,7,True,2025,1,0,137.58
Ashley Parrish,2025-04-26,Electronics,426.74,1,True,2025,4,5,284.74
Natalie Hoffman,2025-02-07,Clothing,447.79,6,False,2025,2,4,116.79
Rebecca Roberts,2025-04-14,Electronics,408.41,6,True,2025,4,0,47.41
Jasmine Frye,2025-06-02,Electronics,203.12,7,False,2025,6,0,72.12
Juan Smith,2025-02-09,Clothing,346.5,7,False,2025,2,6,275.5
Priscilla Berg,2025-05-10,Groceries,60.96,3,True,2025,5,5,27.96
Michele Holland,2025-04-28,Books,210.93,2,False,2025,4,0,69.93
Lindsey Parsons,2025-05-31,Groceries,307.6,3,False,2025,5,5,289.6
Christopher Fleming,2025-01-30,Electronics,244.12,3,False,2025,1,3,18.12
Jose Bennett,2025-03-08,Electronics,223.14,7,True,2025,3,5,147.14
Beverly Silva,2025-02-09,Clothing,11.12,6,True,2025,2,6,9.12
Michael Moore,2025-01-24,Clothing,263.94,9,True,2025,1,4,105.94
Anthony Randolph,2025-04-07,Groceries,243.56,4,False,2025,4,0,219.56
Katherine Armstrong,2025-02-25,Books,446.57,9,True,2025,2,1,362.57
Emily Robinson,2025-01-29,Electronics,255.26,3,False,2025,1,2,164.26
Jonathan Perry,2025-03-25,Groceries,42.06,3,False,2025,3,1,38.06
Daniel Lewis,2025-02-21,Clothing,168.79,4,False,2025,2,4,124.79
Daniel Goodwin,2025-03-24,Electronics,115.24,9,False,2025,3,0,60.24
Samantha Zavala MD,2025-04-15,Groceries,44.02,4,False,2025,4,1,42.02
Tanner Austin,2025-04-07,Groceries,429.01,2,False,2025,4,0,392.01
Melanie Flores,2025-05-24,Clothing,490.43,2,True,2025,5,5,341.43
Janice Fernandez,2025-02-14,Electronics,209.11,7,True,2025,2,4,107.11
Samantha Brooks,2025-05-06,Electronics,481.77,10,False,2025,5,1,257.77
Andrew Villanueva,2025-01-31,Books,475.43,8,False,2025,1,4,140.43
Tiffany Jackson,2025-05-30,Electronics,422.94,4,False,2025,5,4,230.94
Adrienne Jones,2025-04-15,Groceries,359.38,6,True,2025,4,1,325.38
Sharon Coleman,2025-01-17,Electronics,6.09,4,False,2025,1,4,3.09
Michele Cherry,2025-05-02,Clothing,263.38,9,True,2025,5,4,179.38
Teresa Burgess,2025-01-25,Electronics,248.75,3,False,2025,1,5,103.75
Gary Miller,2025-01-09,Electronics,307.37,5,True,2025,1,3,258.37
Kristin Andrews,2025-02-05,Electronics,111.72,7,True,2025,2,2,36.72
James Mccoy,2025-03-09,Clothing,379.79,2,True,2025,3,6,270.79
Michael Nichols,2025-04-11,Electronics,231.41,8,True,2025,4,4,25.41
Nicole Richards,2025-04-20,Groceries,267.53,1,True,2025,4,6,97.53
Timothy Rodriguez,2025-05-03,Groceries,244.05,10,True,2025,5,5,188.05
Brandon Hubbard,2025-03-10,Books,56.26,3,False,2025,3,0,40.26
Matthew Wells,2025-03-25,Groceries,489.85,7,True,2025,3,1,173.85
James Salinas,2025-03-27,Clothing,481.98,7,False,2025,3,3,86.98
Brianna Byrd,2025-05-23,Groceries,73.4,3,False,2025,5,4,53.4
Monica Brooks,2025-05-29,Clothing,318.13,9,True,2025,5,3,30.13
Kristen Martinez,2025-01-01,Books,358.62,10,False,2025,1,2,183.62
Kimberly Arroyo,2025-02-17,Books,254.43,3,False,2025,2,0,21.43
Stephanie Cooper,2025-03-06,Electronics,283.33,6,False,2025,3,3,112.33
Kayla Martin,2025-02-04,Clothing,405.11,7,True,2025,2,1,45.11
Cheyenne White,2025-05-05,Electronics,76.94,7,True,2025,5,0,15.94
Sarah Randolph,2025-06-05,Books,376.34,5,True,2025,6,3,212.34
Joshua Roberts,2025-01-11,Clothing,77.48,5,True,2025,1,5,50.48
Nicholas Freeman,2025-02-21,Clothing,378.03,4,True,2025,2,4,18.03
Matthew Garcia,2025-04-07,Clothing,55.73,8,True,2025,4,0,22.73
Emily Hayes,2025-04-07,Groceries,257.91,4,False,2025,4,0,223.91
Kevin Cunningham,2025-02-26,Electronics,196.84,7,False,2025,2,2,50.84
Jeffrey Smith,2025-02-08,Electronics,373.12,1,True,2025,2,5,67.12
Patrick Graham,2025-05-12,Groceries,456.19,4,False,2025,5,0,266.19
Nicholas Humphrey,2025-03-14,Books,150.62,4,True,2025,3,4,104.62
Eric Arnold,2025-01-28,Electronics,481.43,3,True,2025,1,1,465.43
Sarah Trevino,2025-01-22,Groceries,217.11,1,False,2025,1,2,172.11
Deborah Mercado,2025-01-12,Books,294.07,3,False,2025,1,6,19.07
Albert Hunter,2025-01-05,Electronics,235.83,6,True,2025,1,6,153.83
Jennifer Lawrence,2025-05-22,Electronics,464.67,3,True,2025,5,3,264.67
Kimberly Lutz,2025-03-15,Clothing,396.0,8,False,2025,3,5,138.0
Holly Walker,2025-05-01,Electronics,265.07,6,True,2025,5,3,150.07
Donna Marshall,2025-03-21,Electronics,83.89,9,False,2025,3,4,30.89
Jonathan Bates,2025-05-13,Electronics,114.49,6,True,2025,5,1,84.49
Lisa Martin,2025-03-22,Clothing,183.59,6,True,2025,3,5,147.59
Christopher Fry,2025-04-13,Groceries,412.73,9,True,2025,4,6,291.73
Nancy Webb,2025-02-26,Electronics,225.61,6,True,2025,2,2,176.61
John Brown,2025-02-27,Electronics,193.78,6,True,2025,2,3,55.78
Daniel Velez,2025-02-26,Groceries,272.42,5,False,2025,2,2,206.42
Jesse Williams,2025-06-03,Electronics,411.94,9,False,2025,6,1,305.94
Michael Boyd,2025-05-10,Groceries,26.71,8,True,2025,5,5,25.71
Deborah Stephens,2025-01-28,Clothing,45.76,9,True,2025,1,1,41.76
Holly Valdez,2025-05-11,Books,268.94,9,True,2025,5,6,141.94
Jamie Solomon,2025-03-22,Books,433.15,4,False,2025,3,5,384.15
Sean Tucker,2025-03-17,Electronics,271.19,4,False,2025,3,0,232.19
Kathryn Taylor,2025-01-26,Electronics,16.76,3,False,2025,1,6,14.76
Mason Lewis,2025-01-30,Electronics,41.26,2,True,2025,1,3,40.26
Mitchell Wilson,2025-02-05,Clothing,39.87,9,True,2025,2,2,35.87
Michelle Olson,2025-03-16,Clothing,197.08,7,False,2025,3,6,98.08
Christopher Whitaker,2025-01-04,Groceries,13.36,6,True,2025,1,5,10.36
Kenneth Martin,2025-04-09,Electronics,36.3,10,True,2025,4,2,33.3
Kenneth Brown,2025-02-10,Electronics,464.38,6,True,2025,2,0,383.38
Tyler Greene,2025-03-30,Clothing,305.25,5,False,2025,3,6,69.25
Nathan Stanley,2025-02-14,Groceries,200.58,7,True,2025,2,4,38.58
Jerry Haney,2025-05-16,Groceries,269.07,3,True,2025,5,4,126.07
Ronald Burke,2025-05-05,Groceries,151.01,9,True,2025,5,0,54.01
Catherine Keller,2025-02-11,Clothing,478.91,6,True,2025,2,1,380.91
Grace Chavez,2025-04-03,Books,25.68,2,False,2025,4,3,22.68
James Rodriguez,2025-02-01,Electronics,108.98,5,False,2025,2,5,95.98
Kathy Barnes,2025-01-24,Books,453.29,7,True,2025,1,4,62.29
John Mendez,2025-01-07,Books,114.29,3,False,2025,1,1,89.29
Kathy Wilson,2025-03-17,Books,94.77,2,True,2025,3,0,56.77
Larry Carey,2025-05-21,Groceries,41.21,9,True,2025,5,2,39.21
Marie Boyd,2025-02-27,Clothing,102.72,2,False,2025,2,3,74.72
Joseph Perez,2025-05-06,Clothing,68.47,6,True,2025,5,1,14.47
Jane Chapman,2025-04-26,Electronics,311.66,5,True,2025,4,5,185.66
Melissa Davis,2025-01-21,Clothing,228.07,8,False,2025,1,1,140.07
David Trevino,2025-02-14,Books,285.6,10,False,2025,2,4,211.6
Jennifer Lopez,2025-04-21,Groceries,7.39,3,True,2025,4,0,5.39
Laura Wilson,2025-01-02,Books,141.96,7,False,2025,1,3,115.96
Melissa Stewart,2025-02-26,Books,439.55,6,False,2025,2,2,389.55
